{
  "generatedAt": "2025-12-21T14:08:43.253Z",
  "items": [
    {
      "imdbId": "tt0040525",
      "title": "The Lady from Shanghai",
      "posterUrl": "https://image.tmdb.org/t/p/original/whqdqWavNMSoeXTx1X3DauO1LG6.jpg",
      "backdropUrls": [
        "https://image.tmdb.org/t/p/original/qKYClVLDxL2KwG34HkHdtRr83iK.jpg",
        "https://image.tmdb.org/t/p/original/loE8zQAj5GROl4BAYNcUTWFJKAx.jpg",
        "https://image.tmdb.org/t/p/original/xTHvREcS8h7le3Sy2qJSp0BUWlI.jpg"
      ],
      "trailers": [
        {
          "name": "The Lady from Shanghai (1947) Original Trailer [FHD]",
          "site": "YouTube",
          "type": "Trailer",
          "key": "C_FTmZ0Y_hw",
          "url": "https://youtu.be/C_FTmZ0Y_hw"
        },
        {
          "name": "THE LADY FROM SHANGHAI - Trailer",
          "site": "YouTube",
          "type": "Teaser",
          "key": "R3lW5UKsbP4",
          "url": "https://youtu.be/R3lW5UKsbP4"
        }
      ]
    },
    {
      "imdbId": "tt0088846",
      "title": "Brazil",
      "posterUrl": "https://image.tmdb.org/t/p/original/745fbQQG6MEr9n3Fovj7clf6AT4.jpg",
      "backdropUrls": [
        "https://image.tmdb.org/t/p/original/ndSEkXyotVM0XfoBV1SSRg4AXgB.jpg",
        "https://image.tmdb.org/t/p/original/sgABIixktMqkXMqWe189XAaBp03.jpg",
        "https://image.tmdb.org/t/p/original/zb5aFldTPWcvAR70vXWTQWkuDnQ.jpg"
      ],
      "trailers": [
        {
          "name": "Brazil (1985) Original Trailer",
          "site": "YouTube",
          "type": "Trailer",
          "key": "A_7ATU9dslE",
          "url": "https://youtu.be/A_7ATU9dslE"
        },
        {
          "name": "Harry Tuttle's Insane Break In",
          "site": "YouTube",
          "type": "Clip",
          "key": "MC61Lxd_4as",
          "url": "https://youtu.be/MC61Lxd_4as"
        },
        {
          "name": "Three Reasons: Brazil",
          "site": "YouTube",
          "type": "Clip",
          "key": "aYzUishMeck",
          "url": "https://youtu.be/aYzUishMeck"
        }
      ]
    },
    {
      "imdbId": "tt19770238",
      "title": "Aftersun",
      "posterUrl": "https://image.tmdb.org/t/p/original/8EO0wPt7dliKw1o0ebmu27MDKZv.jpg",
      "backdropUrls": [
        "https://image.tmdb.org/t/p/original/d5l2ITQvpgP0dcWCAG6PUvp8YZw.jpg",
        "https://image.tmdb.org/t/p/original/4jdduww9j5RyzO4ITRcuBFhqNN1.jpg",
        "https://image.tmdb.org/t/p/original/hhICjHximfBciqxX09d91GgghV8.jpg"
      ],
      "trailers": [
        {
          "name": "Official Trailer #2",
          "site": "YouTube",
          "type": "Trailer",
          "key": "4A34B1DIGl8",
          "url": "https://youtu.be/4A34B1DIGl8"
        },
        {
          "name": "Official Trailer",
          "site": "YouTube",
          "type": "Trailer",
          "key": "vXKcWRu8K_U",
          "url": "https://youtu.be/vXKcWRu8K_U"
        },
        {
          "name": "Official US Trailer",
          "site": "YouTube",
          "type": "Trailer",
          "key": "G9jOaggGPKQ",
          "url": "https://youtu.be/G9jOaggGPKQ"
        }
      ]
    },
    {
      "imdbId": "tt5776858",
      "title": "Phantom Thread",
      "posterUrl": "https://image.tmdb.org/t/p/original/hgoWjp9Sh0MI97eAMZCnIoVfgvq.jpg",
      "backdropUrls": [
        "https://image.tmdb.org/t/p/original/vpRMzPqHC03I7hPPET4Av2OT8dI.jpg",
        "https://image.tmdb.org/t/p/original/iiZY7k4oDn5u2kS06165DZ6Th6j.jpg",
        "https://image.tmdb.org/t/p/original/u59nwsGaLBv25qts7MgjBLPjE9r.jpg"
      ],
      "trailers": [
        {
          "name": "Official Trailer",
          "site": "YouTube",
          "type": "Trailer",
          "key": "xNsiQMeSvMk",
          "url": "https://youtu.be/xNsiQMeSvMk"
        },
        {
          "name": "Own it now on 4K, Blu-ray, DVD & Digital",
          "site": "YouTube",
          "type": "Teaser",
          "key": "CBm_UN_-WG8",
          "url": "https://youtu.be/CBm_UN_-WG8"
        },
        {
          "name": "Sneak Preview Announcement",
          "site": "YouTube",
          "type": "Teaser",
          "key": "30KpHxWwZaU",
          "url": "https://youtu.be/30KpHxWwZaU"
        }
      ]
    },
    {
      "imdbId": "tt1964624",
      "title": "In the House",
      "posterUrl": "https://image.tmdb.org/t/p/original/9PgK7yDdfb2nar4fkMzLavWjYmH.jpg",
      "backdropUrls": [
        "https://image.tmdb.org/t/p/original/rSlu3MWZzOVBy6e6UEw9mPLMzUO.jpg",
        "https://image.tmdb.org/t/p/original/okCqIufjrA1mCyQxIAwlsSXaA3Z.jpg",
        "https://image.tmdb.org/t/p/original/1rhdnyATgL6Id1RaoizCF4ss21A.jpg"
      ],
      "trailers": [
        {
          "name": "In the House / Dans la maison (2012) - Trailer English Subs",
          "site": "YouTube",
          "type": "Trailer",
          "key": "oxbWP_oYLGQ",
          "url": "https://youtu.be/oxbWP_oYLGQ"
        }
      ]
    },
    {
      "imdbId": "tt0072271",
      "title": "The Texas Chain Saw Massacre",
      "posterUrl": "https://image.tmdb.org/t/p/original/kI1XaqKxrccSHUCEyxNUzMnVkJZ.jpg",
      "backdropUrls": [
        "https://image.tmdb.org/t/p/original/wvBx1Q1FcQE1BPLfBbgA3y9aaS1.jpg",
        "https://image.tmdb.org/t/p/original/2OOQ64iOnKVcpbHnU3honHozymD.jpg",
        "https://image.tmdb.org/t/p/original/inhNGn5iNS7rGe1lvufcEa06g5q.jpg"
      ],
      "trailers": [
        {
          "name": "50th Anniversary | Official Trailer",
          "site": "YouTube",
          "type": "Trailer",
          "key": "iSxFeBdcqeE",
          "url": "https://youtu.be/iSxFeBdcqeE"
        },
        {
          "name": "Official Trailer 2",
          "site": "YouTube",
          "type": "Trailer",
          "key": "ntirBs-Or-8",
          "url": "https://youtu.be/ntirBs-Or-8"
        },
        {
          "name": "Arrow Trailer",
          "site": "YouTube",
          "type": "Trailer",
          "key": "6AWAvy5O8Fk",
          "url": "https://youtu.be/6AWAvy5O8Fk"
        }
      ]
    },
    {
      "imdbId": "tt0190590",
      "title": "O Brother, Where Art Thou?",
      "posterUrl": "https://image.tmdb.org/t/p/original/s9foMAcLg8GEzzQzer04qOGdD1k.jpg",
      "backdropUrls": [
        "https://image.tmdb.org/t/p/original/rbsm633lnt3hKHEpk7FOt3dy82a.jpg",
        "https://image.tmdb.org/t/p/original/ozB3bwAUqb7YDzHYOlZjvw7Bmxu.jpg",
        "https://image.tmdb.org/t/p/original/c30bThmhiCtT7diNpXq64kfd2S3.jpg"
      ],
      "trailers": [
        {
          "name": "Trailer",
          "site": "YouTube",
          "type": "Trailer",
          "key": "pi-KDvtUaGQ",
          "url": "https://youtu.be/pi-KDvtUaGQ"
        },
        {
          "name": "Trailer",
          "site": "YouTube",
          "type": "Trailer",
          "key": "JvJ_5a6GHnE",
          "url": "https://youtu.be/JvJ_5a6GHnE"
        }
      ]
    },
    {
      "imdbId": "tt0057427",
      "title": "The Trial",
      "posterUrl": "https://image.tmdb.org/t/p/original/4qDUe5HqB8pXNplSBlsoyVjNP3r.jpg",
      "backdropUrls": [
        "https://image.tmdb.org/t/p/original/yhfHeIsR5Ki02b5SqBuLqAsLDCk.jpg",
        "https://image.tmdb.org/t/p/original/ukKMz7upARQV4TVngDdiDrYxEX2.jpg",
        "https://image.tmdb.org/t/p/original/u3wJfbyrAjaaatEBBAkv3KILNb0.jpg"
      ],
      "trailers": [
        {
          "name": "Official Trailer",
          "site": "YouTube",
          "type": "Trailer",
          "key": "ae3-01zSQOs",
          "url": "https://youtu.be/ae3-01zSQOs"
        },
        {
          "name": "The Trial (1962) Trailer",
          "site": "YouTube",
          "type": "Trailer",
          "key": "R_7weUR0oMY",
          "url": "https://youtu.be/R_7weUR0oMY"
        },
        {
          "name": "Joe Dante on The Trial",
          "site": "YouTube",
          "type": "Featurette",
          "key": "Di6DgnqqQmw",
          "url": "https://youtu.be/Di6DgnqqQmw"
        }
      ]
    },
    {
      "imdbId": "tt0338564",
      "title": "Infernal Affairs",
      "posterUrl": "https://image.tmdb.org/t/p/original/zRZhWomkYnIwf8nfWMZIKgJ7j32.jpg",
      "backdropUrls": [
        "https://image.tmdb.org/t/p/original/iiDGA97Kqt2dVU1deXQF06USBRu.jpg",
        "https://image.tmdb.org/t/p/original/8KcssWQdjqBzljxHbvBSvLqqzEk.jpg",
        "https://image.tmdb.org/t/p/original/4Mm5l3TcKGynSNto0eyRJgBrkJ7.jpg"
      ],
      "trailers": [
        {
          "name": "Infernal Affairs (2002) Original Trailer [4K]",
          "site": "YouTube",
          "type": "Trailer",
          "key": "GqdXakBnmsE",
          "url": "https://youtu.be/GqdXakBnmsE"
        }
      ]
    },
    {
      "imdbId": "tt0034240",
      "title": "Sullivan's Travels",
      "posterUrl": "https://image.tmdb.org/t/p/original/z5cqIM0ysVjkCmaDfyTQnlozdIp.jpg",
      "backdropUrls": [
        "https://image.tmdb.org/t/p/original/7E4b9mXU9psvGbqCbI0aGEGI1oO.jpg",
        "https://image.tmdb.org/t/p/original/tYxcWZ3sYF3JVXCmwJAn5RaH8nB.jpg",
        "https://image.tmdb.org/t/p/original/qZhTUyUBMgz3xCXOyzN9Cg2PupD.jpg"
      ],
      "trailers": [
        {
          "name": "SULLIVAN'S TRAVELS | April 10 & 14 | Austin Film Society",
          "site": "YouTube",
          "type": "Trailer",
          "key": "kIrdtdpPQHY",
          "url": "https://youtu.be/kIrdtdpPQHY"
        },
        {
          "name": "Sullivan's Travels Official Trailer #1 - (1941) HD",
          "site": "YouTube",
          "type": "Trailer",
          "key": "HUNHxGDLfIE",
          "url": "https://youtu.be/HUNHxGDLfIE"
        },
        {
          "name": "Sullivans Travel's 1941 Trailer | Joel McCrea | Veronica Lake",
          "site": "YouTube",
          "type": "Trailer",
          "key": "rh5Jbq2HCO8",
          "url": "https://youtu.be/rh5Jbq2HCO8"
        }
      ]
    }
  ]
}